true_normalized_performance,predicted_normalized_performance,split_name,split_part
3.896103896103891,3.878494759783605,random,test
0.9648711943793888,1.8559767950129165,random,test
1.886792452830188,2.1119034922425404,random,test
0.8164014687882486,0.755583223274189,random,test
0.7523510971786832,2.429678683409801,random,test
2.146892655367232,1.3023750515272745,random,test
0.5069930069930069,1.4077195395409428,random,test
1.3119999999999996,2.297970504149189,random,test
0.5142011834319524,1.0596257371831896,random,test
2.108108108108107,2.239158944794873,random,test
1.2337662337662334,0.5956138369830015,random,test
1.3793103448275863,1.2812041852554765,random,test
1.7725258493353029,4.364991570904188,random,test
4.6116504854368925,0.9933274521147599,random,test
2.244389027431421,1.053774818612327,random,test
1.301301301301301,1.4077195395409428,random,test
0.5733944954128436,0.8428361545769556,random,test
0.9770114942528736,1.4143391822567573,random,test
5.012531328320801,1.5867125296328042,random,test
1.4499999999999995,1.5924576369766852,random,test
1.206896551724138,1.4967453929586192,random,test
0.8725490196078429,1.2942693215409746,random,test
1.1494252873563215,2.585584961455655,random,test
1.2621359223300967,3.493632287320123,random,test
1.2722646310432566,1.4077195395409428,random,test
1.0462776659959756,1.6113550570555697,random,test
0.6918238993710688,1.0180391541109963,random,test
1.2579617834394905,1.2972825138638702,random,test
1.8627450980392155,1.7046144083716426,random,test
1.659388646288209,0.9467381318755221,random,test
2.0631067961165046,1.1445537013709401,random,test
0.9090909090909088,0.8426515201067324,random,test
0.9180327868852438,0.8302841109075196,random,test
3.283582089552238,0.8331993338745538,random,test
3.5820895522388048,2.7271199362847924,random,test
3.459119496855344,3.2752419011168445,random,test
1.0679611650485434,0.4352869320280906,random,test
0.5419580419580419,1.4077195395409428,random,test
1.7910447761194028,1.7422942944024493,random,test
0.6578947368421052,1.9975591698959447,random,test
1.4102564102564097,1.4581581105801495,random,test
0.5588235294117646,1.4077195395409428,random,test
6.094182825484763,2.6302019574648794,random,test
0.8849557522123892,0.8538638328584793,random,test
0.9404388714733544,1.7555279336460323,random,test
5.882352941176468,4.355980117088565,random,test
5.0746268656716405,2.6401164457588124,random,test
1.7599999999999991,1.8350695085533495,random,test
1.7540983606557337,1.1365565557540362,random,test
1.1148272017837235,1.1565701020895265,random,test
1.0432569974554704,1.7404524656045712,random,test
0.8808808808808807,0.6960002561284353,random,test
1.33220910623946,1.6059605540787842,random,test
0.7329842931937169,1.3905834248657452,random,test
1.568627450980392,1.3914222674131635,random,test
3.307888040712468,2.2561777309584334,random,test
1.3731343283582085,1.4316202183942148,random,test
1.6833890746934226,3.10944065002589,random,test
1.1724137931034475,1.2933631274657316,random,test
1.923076923076922,1.4470002588510043,random,test
4.0540540540540535,2.640124256609709,random,test
1.636363636363636,1.540874592244608,random,test
1.636363636363636,1.667105514250406,random,test
3.186274509803921,2.4627321614441167,random,test
3.3333333333333317,2.4536309815478083,random,test
1.3836477987421376,2.890272249459748,random,test
1.9650655021834051,1.8353797788890645,random,test
19.503546099290716,3.171358862128109,random,test
0.9404388714733544,1.040281031171737,random,test
0.9734513274336282,1.8115401077266369,random,test
3.8728323699421945,1.8272381673144555,random,test
20.32520325203244,1.4494681613596958,random,test
10.846394984326018,2.290369490229396,random,test
0.4281045751633973,0.964214810502394,random,test
1.241830065359477,2.314781785773092,random,test
0.8108108108108106,0.7291125775469227,random,test
0.4852941176470587,1.6269205480319262,random,test
0.6749999999999998,1.1563738280063678,random,test
0.1535947712418295,1.7637555906478148,random,test
2.9411764705882346,3.3455183931941628,random,test
0.7894736842105262,0.9240272109198966,random,test
0.6578947368421052,0.44174244820290165,random,test
6.249999999999999,2.483922078853907,random,test
2.1978021978021967,2.186413815351784,random,test
1.130653266331658,1.5139619621138802,random,test
2.196531791907514,3.3109463084426327,random,test
0.3970588235294117,0.35323664075678574,random,test
1.0735294117647058,1.048025481375113,random,test
2.0,1.4077195395409428,random,test
0.8513761467889901,0.9427023430886217,random,test
0.5490196078431355,1.0291694698637723,random,test
0.8300395256916993,1.0364867977968015,random,test
1.0619469026548671,0.5926212834023612,random,test
1.5666666666666662,1.960107490760714,random,test
0.7010582010581993,0.937502633186795,random,test
1.3076923076923073,1.3220548992696624,random,test
1.0784313725490196,1.4320891311058617,random,test
3.4191176470588225,2.938596088143683,random,test
0.8965517241379305,1.5171973720038903,random,test
2.4647887323943647,1.8971569157730905,random,test
1.1641791044776115,2.390863452547453,random,test
0.8805620608899277,1.7509854560367528,random,test
1.6315789473684204,1.2233788403612968,random,test
3.5087719298245608,1.435807973675105,random,test
4.656862745098038,3.548656978384453,random,test
1.9496855345911936,1.950696557247341,random,test
2.485207100591716,3.5300663430988735,random,test
1.3207547169811311,0.9145456631496123,random,test
1.5759312320916905,1.524370924347083,random,test
3.6764705882352935,2.1722163531336856,random,test
1.2890624999999996,2.1113574755422087,random,test
0.7307692307692305,1.9206371123879733,random,test
2.1630094043887147,1.0893965571266402,random,test
4.432132963988918,2.903719334872877,random,test
0.9953161592505833,0.8140524993897713,random,test
1.3106796116504849,1.7393301975854034,random,test
3.166226912928752,2.2470902568821733,random,test
0.9439999999999998,1.4077195395409428,random,test
2.3058252427184462,2.0672109589968217,random,test
1.760563380281689,2.3475738509752637,random,test
1.636363636363636,2.046546170572637,random,test
4.522613065326632,2.2922896856356494,random,test
3.56718192627824,2.7962340207908367,random,test
0.9765624999999996,1.416348223532173,random,test
1.965317919075144,2.4759766079463095,random,test
0.6309999999999993,1.468467110350025,random,test
2.3648648648648645,1.4439398534418064,random,test
0.7707707707707706,1.1131937243482368,random,test
1.0010010010010009,1.0156741838619046,random,test
2.2985074626865667,0.5759416058948081,random,test
0.630841121495327,2.4433261791003744,random,test
2.0713463751438432,0.795791088125309,random,test
1.522388059701492,1.8076967565435393,random,test
2.044887780548628,2.07562415323315,random,test
0.7307692307692305,2.0679269657527772,random,test
1.214953271028037,1.236354048378053,random,test
3.278688524590164,2.2368452613112826,random,test
2.901234567901233,2.364516854966412,random,test
1.6959064327485371,1.6845629845812753,random,test
1.9417475728155336,1.7754707688908011,random,test
1.6,1.4077195395409428,random,test
0.7707707707707706,1.4068765584472187,random,test
1.5759312320916905,0.4548759892248439,random,test
0.890052356020942,1.5393673753349786,random,test
0.4313725490196064,0.6673983919809503,random,test
2.1786492374727664,1.3601038913785768,random,test
2.388059701492537,2.1956929842833635,random,test
1.704834605597964,1.1821403783440636,random,test
1.5584415584415583,2.015196835483855,random,test
3.278688524590164,1.7121500567805277,random,test
1.2345679012345672,2.7928391792052674,random,test
2.1367521367521363,1.5885446833663228,random,test
4.155124653739611,5.187437893977765,random,test
1.3913043478260867,2.847231566602071,random,test
10.66666666666666,4.167342543066499,random,test
4.166666666666666,2.9438596037347673,random,test
0.6282722513089002,1.4368757564018027,random,test
0.7894736842105259,1.7887657712145573,random,test
1.6,2.3895625101916873,random,test
2.2727272727272725,1.4077195395409428,random,test
1.6352201257861625,2.23283902205032,random,test
0.5887573964497038,0.7980282796014257,random,test
0.1568627450980387,0.4552443244988961,random,test
4.437869822485206,2.6635380834108946,random,test
1.073446327683616,0.9746662917560043,random,test
1.689189189189189,1.5820067678963672,random,test
2.395964691046658,2.0759860511347275,random,test
4.999999999999998,3.121698635081686,random,test
4.722550177095626,3.4615746161331122,random,test
0.2614379084967312,0.7901908600159713,random,test
1.8018018018018012,1.010907726817174,random,test
8.865248226950323,5.8237640229556025,random,test
2.0114942528735638,1.5317203445926033,random,test
1.495972382048331,1.259936339782218,random,test
10.66176470588235,3.180175719797462,random,test
0.885311871227364,1.3082291239411514,random,test
1.1005291005290976,1.7938828267556635,random,test
1.1923076923076918,1.5295892944125762,random,test
2.5787965616045843,2.298015323407898,random,test
1.4410480349344972,1.0588539464418805,random,test
1.0679611650485434,3.050373886714925,random,test
0.7710280373831774,1.5241359101567133,random,test
1.2647814910025674,2.4436328186744216,random,test
1.4788732394366189,1.47645279423369,random,test
1.4563106796116505,2.0532934627184614,random,test
1.2658227848101262,1.432828993935329,random,test
1.3836477987421376,3.0759226040175403,random,test
1.7725258493353029,1.6314651980104018,random,test
2.2748815165876777,1.0121728814524564,random,test
0.8249999999999998,0.6753928189134473,random,test
0.7352941176470588,0.8966633060066094,random,test
1.7241379310344829,2.589037305461386,random,test
2.654028436018957,1.6370509695840512,random,test
0.9649122807017544,1.763670260441938,random,test
3.186274509803921,2.421792470284878,random,test
9.219858156028335,4.743595337131684,random,test
15.217391304347816,0.7078205072499568,random,test
2.4137931034482745,1.3731818001270155,random,test
1.4165261382799323,1.8433617942356348,random,test
3.053435114503816,1.4231022188801377,random,test
2.0057306590257875,1.2977201797008067,random,test
1.1267605633802809,1.2136403893131158,random,test
4.629629629629608,1.9417072256549877,random,test
1.9480519480519476,1.0637809171012225,random,test
0.6775700934579437,1.0279972184619681,random,test
1.2834224598930482,2.8531303421732686,random,test
6.23441396508728,2.2470403235174925,random,test
1.5759312320916905,2.1873119075924343,random,test
2.1804511278195484,1.8120723948848565,random,test
0.992,1.7462347169721806,random,test
0.7368421052631575,1.3459438971648687,random,test
1.2040133779264215,1.0832678452912377,random,test
0.8804597701149415,1.4368577455782474,random,test
2.0689655172413794,0.9250075240461559,random,test
1.818181818181818,2.736138717010077,random,test
2.7638190954773862,1.291253526083274,random,test
3.3175355450236967,3.0403918566123727,random,test
1.2648221343873514,1.3621738193130022,random,test
4.7267355982274735,1.6432910186896796,random,test
7.333333333333329,2.692883432178421,random,test
2.322274881516588,1.9806414493800433,random,test
1.0619469026548671,1.4077195395409428,random,test
0.5721893491124257,0.428593092789067,random,test
4.986149584487533,3.1756345449986574,random,test
0.7079646017699114,2.257389812726747,random,test
1.6863406408094432,1.806458961091479,random,test
3.134796238244514,0.4623101202577635,random,test
42.5925925925924,2.2862993546420394,random,test
3.103448275862069,1.775348683535423,random,test
1.933333333333333,2.43940835937729,random,test
5.13333333333333,2.912017126684572,random,test
0.7352941176470588,1.4095876324885563,random,test
1.7725258493353029,1.6754477060039994,random,test
3.209876543209875,1.1329141802955736,random,test
4.179104477611939,1.2482377551701438,random,test
1.3207547169811311,1.147923777892554,random,test
1.48397976391231,1.963362408829843,random,test
2.166666666666666,0.7839203281333835,random,test
1.1594202898550725,3.286019750780585,random,test
1.4705882352941173,1.9195861851098819,random,test
1.4942528735632183,1.4077195395409428,random,test
1.120915032679735,1.5141435793712854,random,test
5.912162162162161,2.8965222108171593,random,test
1.9090909090909087,2.3935602837448506,random,test
1.1984126984126953,1.151934739322411,random,test
0.5069930069930069,2.9209448196629473,random,test
2.5308641975308626,2.112774275489628,random,test
1.144430844553242,1.473098460049426,random,test
1.4353562005277007,2.1787932727964536,random,test
1.264367816091954,1.3080671965758777,random,test
0.6428571428571429,1.4077195395409428,random,test
0.7017543859649119,0.5796170859202157,random,test
2.3076923076923066,2.798813053063932,random,test
2.028985507246376,2.050950688675321,random,test
5.094339622641506,2.691560349864211,random,test
1.5445859872611465,1.9213805436955522,random,test
0.8359456635318703,1.832961381011808,random,test
3.2947976878612697,2.2245515649549366,random,test
1.3986013986013983,0.897452219484264,random,test
2.758620689655169,2.121827461713568,random,test
3.260869565217389,1.2073477406848183,random,test
2.395964691046658,4.197163584840843,random,test
0.885311871227364,0.6403347646668041,random,test
1.6473988439306353,1.6119671402160196,random,test
1.3016759776536242,1.2779760874942245,random,test
0.9174311926605496,0.776281082505069,random,test
0.7417380660954703,1.4957056719602937,random,test
0.9230769230769228,1.2120608008044425,random,test
6.015037593984961,2.1306860319495273,random,test
1.08955223880597,1.0660552883534433,random,test
2.085308056872038,1.6619680463256437,random,test
4.104046242774564,2.1560995137395205,random,test
0.96045197740113,1.348755027435816,random,test
1.8549747048903875,1.0960407260714824,random,test
1.461538461538461,2.3182225850010996,random,test
1.6110471806674336,1.4077195395409428,random,test
1.8115942028985492,1.429661185275072,random,test
4.709141274238226,3.8433473453518543,random,test
2.292263610315186,1.4750284907007312,random,test
3.933649289099526,2.4198558565441752,random,test
1.4885496183206104,0.594569629655552,random,test
1.5999999999999983,1.5011308772146448,random,test
1.0114503816793892,1.09244409884804,random,test
1.5598290598290596,2.071423096705393,random,test
0.75,1.316979182586834,random,test
0.6902654867256636,1.4077195395409428,random,test
1.0747126436781596,1.6103410458102423,random,test
2.0631067961165046,1.8373899225543515,random,test
0.9613375130616508,3.563302063958127,random,test
1.399662731871838,1.016369694658732,random,test
9.57446808510635,3.3408182953493872,random,test
1.1267605633802809,1.526432373258508,random,test
0.6499999999999998,1.4077195395409428,random,test
1.077283372365337,1.433056957046412,random,test
1.9158878504672887,0.6946231678951464,random,test
1.96078431372549,1.6831530054867607,random,test
0.9923664122137404,1.2466862400783243,random,test
1.5492957746478864,2.385468146295816,random,test
8.865248226950323,3.9365146271708094,random,test
1.0289855072463767,2.0088005746539244,random,test
0.9356725146198824,1.3367036352934076,random,test
1.385438972162738,1.4077195395409428,random,test
0.6713286713286712,1.5446229645251273,random,test
0.9850746268656714,1.3258281208117086,random,test
1.6796874999999991,1.4991291002604377,random,test
8.51063829787231,2.753069428436964,random,test
1.6,3.6885386926435766,random,test
0.9708737864077668,0.890402555531427,random,test
1.9211822660098523,1.5349938698953824,random,test
1.1229946524064172,2.879145974716195,random,test
4.411764705882352,2.7210733806053153,random,test
1.4827201783723525,1.4235239857716722,random,test
0.9967320261437908,1.4077195395409428,random,test
1.5759312320916905,1.9856521172160697,random,test
1.0344827586206895,1.4077195395409428,random,test
2.366666666666666,2.140782220715666,random,test
1.497326203208556,2.3114696903544574,random,test
1.2213740458015263,4.345712954834967,random,test
0.9404388714733544,1.42753501329255,random,test
6.289308176100625,2.6122715234825202,random,test
0.7699115044247786,1.4077195395409428,random,test
1.8208092485549128,1.9270741450805886,random,test
2.061068702290076,2.302443242200367,random,test
2.148997134670487,0.867320149267528,random,test
1.3888888888888886,2.799600647464451,random,test
2.485207100591716,2.679769986023535,random,test
1.2850467289719625,1.0106549591442322,random,test
2.143757881462799,1.845698154502033,random,test
0.7168141592920353,4.304738299979679,random,test
2.608695652173912,1.276916994162451,random,test
5.785123966942142,1.988405695986108,random,test
2.3270440251572317,3.8181691591537232,random,test
2.633136094674556,2.7992505350286385,random,test
4.391891891891891,1.2701685519043902,random,test
1.0449320794148378,2.8005900140143547,random,test
1.0810810810810805,1.487320895918884,random,test
0.2015999999999999,3.222888835815982,random,test
5.012531328320801,1.2693907730910272,random,test
3.880597014925372,3.098597203464111,random,test
1.7475728155339798,2.740319632659303,random,test
2.505219206680584,2.5042072041280528,random,test
6.999999999999998,2.569135784049848,random,test
0.96045197740113,1.100958256473751,random,test
20.921985815602763,3.1998164903705826,random,test
1.9902912621359208,2.002713535731299,random,test
0.8300395256916993,1.4625000350258723,random,test
1.816239316239316,3.0064429771390637,random,test
2.3633677991137367,3.336850629100068,random,test
0.8499999999999998,1.4077195395409428,random,test
0.5734265734265733,1.4077195395409428,random,test
4.471544715447137,2.142356261992262,random,test
5.491329479768783,3.1596002377840176,random,test
0.7079646017699114,0.560474558655601,random,test
1.3600891861761426,1.0455384363326399,random,test
0.7628004179728316,0.3749047672738287,random,test
0.6903304773561802,1.0057615655471168,random,test
1.6863406408094432,1.5377826967155372,random,test
0.8499999999999998,1.4077195395409428,random,test
3.283582089552238,1.7513747519459177,random,test
2.9411764705882346,1.4077195395409428,random,test
3.601108033240996,4.101171550576017,random,test
0.5594405594405594,1.4077195395409428,random,test
2.947976878612715,1.0208934773057536,random,test
1.727272727272727,1.4459305182096305,random,test
2.7837259100642338,1.4077195395409428,random,test
1.3157894736842104,1.5716541297740876,random,test
3.533333333333331,4.732013859671338,random,test
4.576271186440678,1.0623300214056295,random,test
1.4788732394366189,2.202948139007798,random,test
1.1999999999999988,1.7486272452735134,random,test
1.8915510718789408,2.3697052329121044,random,test
0.9740259740259736,1.1900645470261524,random,test
1.4814814814814807,2.906405849170568,random,test
1.1494252873563218,1.3334855975640476,random,test
2.493765586034912,1.9932606333321288,random,test
0.6064220183486233,1.8280785155812174,random,test
1.9090909090909087,2.064180569782254,random,test
1.6412213740458013,0.7332155374298837,random,test
1.0239999999999998,2.0320435660697536,random,test
1.503267973856209,1.3419505631412485,random,test
3.601108033240996,5.587723045903379,random,test
3.4682080924855483,3.1977122550727266,random,test
1.6863406408094432,1.0892705287352307,random,test
5.277044854881253,1.4077195395409428,random,test
1.4788732394366189,2.1353030162331748,random,test
1.5596330275229344,0.4482969212135189,random,test
1.2313624678663209,1.6524589435778267,random,test
0.6806282722513086,0.8249257728442174,random,test
3.655172413793101,1.3311098181510213,random,test
0.7064220183486233,0.6748528566081298,random,test
1.0999999999999988,1.429672481190496,random,test
11.702127659574428,2.674712612239833,random,test
0.7142857142857143,1.6463977285322309,random,test
0.3284671532846714,0.13384653446985403,random,test
0.0921532846715328,0.09125953853902943,random,test
0.0496350364963503,0.46500682119969783,random,test
0.1824817518248175,0.4582229611335745,random,test
0.0379059829059829,0.22798395544134684,random,test
0.0196837606837606,0.26133699514990794,random,test
0.0135726495726495,0.013273734183100204,random,test
0.0355213675213675,0.21574131864532592,random,test
0.0054529914529914,0.11521177641497742,random,test
0.014042735042735,0.14470728424083132,random,test
0.0003846153846153,0.1580006705507338,random,test
0.0018717948717948,0.4003736906091437,random,test
0.00108547008547,0.18260485904526239,random,test
0.7621951219512193,0.1070002272591304,random,test
0.3353658536585365,0.07524860059097747,random,test
0.1230792682926829,0.15480105316717022,random,test
0.2661280487804877,0.34688532378735176,random,test
0.4268292682926828,0.19045586571704656,random,test
0.4878048780487803,0.7573818749430234,random,test
0.2708536585365853,0.1512556613980023,random,test
0.0219826086956521,0.18448512391135158,random,test
0.029391304347826,0.02309881354261572,random,test
0.0339652173913043,0.0776249249314271,random,test
0.0114434782608695,0.004795748991975366,random,test
0.022695652173913,0.3111648302265823,random,test
0.0046434782608695,0.1622633370652989,random,test
0.0405043478260869,0.09611223066303601,random,test
0.0024666666666666,0.013223712579100474,random,test
0.0022307692307692,0.12866868926634945,random,test
0.0014307692307692,0.088186724264154,random,test
0.0083653846153846,0.3552622977009383,random,test
0.0254670329670329,0.03470852627568306,random,test
0.0239560439560439,0.05988205992858737,random,test
0.1354945054945054,0.1006260397590232,random,test
0.3571428571428571,0.1521310729655622,random,test
0.1065521978021977,0.5798366648460316,random,test
0.0061538461538461,0.050461218946251885,random,test
0.3755932203389827,0.011110147535933788,random,test
0.0726271186440677,0.09131226621652032,random,test
0.1210169491525422,0.045164206074016736,random,test
0.0520338983050847,0.20176612828583007,random,test
0.2278813559322032,0.06213970584654344,random,test
0.1688983050847456,0.10932288053224268,random,test
0.5392372881355928,0.08897867303219378,random,test
0.7959322033898298,0.05389161838671305,random,test
0.6239830508474571,0.08265762079511854,random,test
0.0462711864406779,0.042421215202627365,random,test
1.1864406779661008,0.14927859500769655,random,test
0.0002588832487309,0.29793795645556526,random,test
0.0010862944162436,0.04829670800451309,random,test
0.000492385786802,0.2142490093909278,random,test
0.0004517766497461,0.0344082202390685,random,test
0.0008477157360406,0.13637500967564223,random,test
0.0902844036697247,0.10560528315551254,random,test
0.2660550458715596,0.6522348722737488,random,test
0.0169174311926605,0.10772895345179419,random,test
0.1376146788990825,0.31943457380997115,random,test
0.2477064220183485,0.17416624045451076,random,test
0.146788990825688,0.0,random,test
0.201834862385321,0.08695109490539149,random,test
0.18348623853211,0.23445346134378525,random,test
0.0166238532110091,0.0,random,test
0.3853211009174311,0.41170489291555573,random,test
0.0173119266055045,0.28234799142308326,random,test
0.0301467889908256,0.44297914675888705,random,test
0.18348623853211,0.09014516197186064,random,test
0.0348440366972477,0.06045302137904769,random,test
0.0967076923076922,0.1637512696792787,random,test
0.0488307692307692,0.16729320501339867,random,test
0.1131999999999999,0.1478861358440135,random,test
0.3692307692307691,0.06788740279523248,random,test
0.09009009009009,0.19479256550322707,random,test
0.2792792792792792,0.1065513743358913,random,test
0.4324324324324323,0.831412703018704,random,test
0.3333333333333332,0.24090873329182017,random,test
0.0442792792792792,0.401418942650842,random,test
0.3873873873873873,0.2037871709040277,random,test
0.2072072072072071,0.23077290073447493,random,test
0.0031203931203931,0.021825825808857707,random,test
0.0012530712530712,0.03725122635382596,random,test
0.0044963144963144,0.057815172347997615,random,test
0.0023341523341523,0.07801182025136194,random,test
0.0152088452088452,0.50723677228418,random,test
0.0105825242718446,0.1389607844793684,random,test
0.2010679611650484,0.06383592125033659,random,test
0.0117475728155339,0.2201459669808194,random,test
0.0093203883495145,0.0653817953777721,random,test
0.0885436893203883,0.04770182055564042,random,test
0.0194174757281553,0.08113739308982676,random,test
0.3603398058252425,0.1094372423437946,random,test
0.1008315334773218,0.14123173898846858,random,test
0.0399028077753779,0.06361418923275051,random,test
0.0437149028077753,0.22689206407101606,random,test
0.2051835853131749,0.15642291487607257,random,test
0.0623542116630669,0.21850249529305993,random,test
0.0529049676025917,0.18797268634542824,random,test
0.0326349892008639,0.14042617536653743,random,test
0.3995680345572353,0.15634311603247353,random,test
0.0786746987951806,0.03683884292516721,random,test
0.1603614457831323,0.21904571342340948,random,test
0.1015662650602408,0.4472469829776921,random,test
0.2389156626506021,0.4281128379600315,random,test
0.2021686746987949,0.2619982397274467,random,test
0.0528915662650601,0.5581249977430764,random,test
0.516385542168674,0.3121666462580844,random,test
1.1014457831325288,0.16989921236788383,random,test
0.0550964187327808,0.013375309945941608,random,test
0.0743801652892541,0.07317038446540663,random,test
0.0495867768595027,0.16864802846064098,random,test
0.0495867768595027,0.04368800152199013,random,test
0.0964187327823665,0.0394152764979111,random,test
0.0468319559228637,0.050068501510846145,random,test
0.3002754820936557,0.14694883160116634,random,test
0.0853994490358103,0.024242976830979205,random,test
0.4290429042904289,0.16268629381890337,random,test
0.2075577557755775,0.30408488700301795,random,test
0.0799009900990098,0.43498197950703105,random,test
0.3276237623762375,0.4566636377792285,random,test
0.0924092409240923,0.12180235219953361,random,test
0.4950495049504949,0.1912368050948416,random,test
0.0865016501650164,0.0661604995791947,random,test
1.4191419141914188,0.2985188514303808,random,test
0.0094736842105263,0.11108028242291289,random,test
0.0083959899749373,0.04081844263354946,random,test
0.0071428571428571,0.06559788183475232,random,test
0.0135839598997493,0.0,random,test
0.0075689223057644,0.2216152508106817,random,test
0.005062656641604,0.013901546868272989,random,test
0.0029323308270676,0.014565774589305757,random,test
0.1495972382048331,0.0948803030847098,random,test
0.1726121979286536,0.2919891767813845,random,test
0.0067467948717948,0.10189665514915551,random,test
0.8653846153846153,0.0738034741227242,random,test
0.0063461538461538,0.05525106554051196,random,test
0.1443749999999999,0.35611156072288785,random,test
0.0133974358974358,0.05732490919320533,random,test
0.176207729468599,0.10943630002571338,random,test
0.2415458937198067,0.31535633383003564,random,test
0.2657004830917874,0.8301525489543955,random,test
0.1438647342995169,0.16254489269996197,random,test
0.1222946859903381,0.1214130837252998,random,test
0.163695652173913,0.10214649855596995,random,test
0.2144202898550724,0.33630715996073524,random,test
0.289855072463768,0.28237501109015306,random,test
0.2306038647342995,0.04793900889267003,random,test
0.234903381642512,0.13341947649324087,random,test
0.1369082125603864,0.3850884499996655,random,test
0.0157320261437908,0.06108685833008198,random,test
0.0022483660130718,0.010255390071020703,random,test
0.0061111111111111,0.06261525880831352,random,test
0.0915032679738562,0.07436790280944641,random,test
0.0091176470588235,0.03709069473246436,random,test
0.006156862745098,0.06199225485224525,random,test
0.0032483660130718,0.005342997623591989,random,test
0.0262091503267973,0.11409371653118679,random,test
0.6209150326797385,0.07396267106171751,random,test
0.0027777777777777,0.08110678413825476,random,test
0.0052745098039215,0.026426528332977844,random,test
0.0045882352941176,0.1432136841794819,random,test
0.0582380396732788,0.08494656279205516,random,test
0.0506417736289381,0.03487876666640247,random,test
0.045075845974329,0.12044234829458339,random,test
0.233372228704784,0.16714607823540067,random,test
0.0874095682613768,0.22645695374484678,random,test
0.024585764294049,0.09583208426856266,random,test
0.0310593607305936,0.05184793297887889,random,test
0.0021050228310502,0.03586530261324946,random,test
0.0502283105022831,0.3684215734240074,random,test
0.0176118721461187,0.035965947587218036,random,test
0.0020776255707762,0.13188176482489508,random,test
0.1073958333333332,0.20390965661563298,random,test
0.1081770833333332,0.1251420198379359,random,test
0.0331770833333333,0.035129725899045706,random,test
0.0261979166666666,0.13140880464095372,random,test
0.0922395833333332,0.1237444931770341,random,test
0.1797916666666665,0.09272867846078138,random,test
3.266932270916333,0.1644754572192428,random,test
0.0246613545816732,0.13635970206903916,random,test
0.2598804780876493,0.26036001364492783,random,test
0.0115139442231075,0.26042050814278667,random,test
0.0238247011952191,0.4953436229471849,random,test
0.0125099601593625,0.013426788751729285,random,test
0.0519920318725099,0.045343542339909955,random,test
0.0358964143426294,0.05242526957783557,random,test
0.0129955947136563,0.08043535322920516,random,test
0.0139867841409691,0.11569036803523494,random,test
0.0078193832599118,0.03456483715202162,random,test
0.0109030837004405,0.28363433073663163,random,test
0.0821585903083699,0.1887879208558996,random,test
0.0102422907488986,0.021051081116009004,random,test
0.1089743589743589,0.484244376809482,random,test
0.0673076923076923,0.3778017404372951,random,test
0.0865384615384615,0.363384322225327,random,test
0.2532051282051282,0.453349264435189,random,test
0.0641025641025641,0.0796090844661934,random,test
0.0769230769230769,0.23608523701921275,random,test
0.0353061224489795,0.03411131438948542,random,test
0.0275750300120048,0.07661013664048841,random,test
0.0201800720288115,0.028085610580091853,random,test
0.0559663865546218,0.07549866003804907,random,test
0.006578631452581,0.05531039561940331,random,test
0.1560624249699879,0.074246751036686,random,test
0.0566386554621848,0.02616738052578388,random,test
0.0687274909963985,0.019661793338564736,random,test
0.1288319088319088,0.4574714109340205,random,test
0.0972649572649572,0.12943374332120058,random,test
1.5954415954415953,0.15837909491704066,random,test
0.0703988603988603,0.20401613315763636,random,test
0.6825396825396826,0.32390681966388485,random,test
0.5396825396825397,0.7389054369075867,random,test
0.5793650793650794,0.6952603414000158,random,test
0.4484126984126984,0.43632014608333003,random,test
0.6071428571428571,0.48340929829404927,random,test
0.1147499999999999,0.07913907995334762,random,test
0.0168906249999999,0.04824137264561789,random,test
0.0049843749999999,0.062173386481191736,random,test
0.0289218749999999,0.07053146523372257,random,test
0.0059627329192546,0.15198000367130812,random,test
0.0126086956521739,0.04697230855308027,random,test
0.001863354037267,0.08163941491554916,random,test
0.0060248447204968,0.0,random,test
0.0071428571428571,0.024180135786884358,random,test
0.0171428571428571,0.0492673791018768,random,test
0.0368944099378881,0.022321176600956512,random,test
0.4416022099447511,0.31352642682155707,random,test
0.6629834254143643,0.3097006981793084,random,test
0.157513812154696,0.21403242878378695,random,test
0.2480662983425413,0.31213864693760934,random,test
0.1543093922651933,0.2204636043629059,random,test
0.6077348066298339,0.46069201034519625,random,test
0.2023809523809523,0.0363533830559362,random,test
0.047375,0.07122517025665695,random,test
0.1785714285714285,0.22478554431545542,random,test
0.0833333333333333,0.12163694129935627,random,test
0.0493035714285714,0.19596944157915933,random,test
0.0833333333333333,0.27715000531347767,random,test
0.1011904761904761,0.08976375266597134,random,test
1.451006711409396,0.2620082629597422,random,test
0.0536912751677852,0.19909369213023928,random,test
0.07248322147651,0.7279252857230003,random,test
0.0201342281879194,0.07888011969838965,random,test
0.122077922077922,0.4146763275203465,random,test
0.0571428571428571,0.14850245165374557,random,test
0.1142857142857142,0.4853020328485163,random,test
0.0597402597402597,0.037721349625988394,random,test
0.0389610389610389,0.04786918647441158,random,test
0.0805194805194805,0.2763431167727232,random,test
0.0623376623376623,0.43134901306295725,random,test
0.1012987012987013,0.3569882896346883,random,test
0.1578947368421052,0.07927832934014355,random,test
0.5406698564593302,0.02679748252240884,random,test
0.1291866028708134,0.14374498252558152,random,test
0.2248803827751196,0.12617696973062148,random,test
0.1148325358851674,0.27332518076710255,random,test
1.6038054968287527,0.5693299189430432,random,test
1.0374207188160676,0.17777507948208326,random,test
2.748414376321353,0.039443047739688764,random,test
1.1374207188160677,0.42146542001116344,random,test
0.4526427061310782,0.133641761032212,random,test
0.90507399577167,0.0544247344002184,random,test
1.514799154334038,0.048535523146450925,random,test
0.0086915887850467,0.25185173610923434,random,test
0.0049532710280373,0.027942167203670442,random,test
0.0098130841121495,0.22466774153944655,random,test
0.0066915887850467,0.12600456300419496,random,test
0.2990654205607476,0.013736116812812109,random,test
0.0045981308411214,0.06581914991571113,random,test
0.0070093457943925,0.5851144975368989,random,test
0.0997652582159624,0.17591755670360476,random,test
0.0319014084507042,0.06373970951680064,random,test
0.0300234741784037,0.0044274749888599425,random,test
0.3286384976525821,0.10398556436712501,random,test
0.0965492957746478,0.06750830080141289,random,test
0.2582159624413145,0.03883843598776708,random,test
0.1441784037558685,0.0041966184873288535,random,test
0.4225352112676055,0.026707863902437512,random,test
0.1129812206572769,0.07977547347744275,random,test
0.232206572769953,0.10448434607245163,random,test
0.0013109243697478,0.0,random,test
0.0019915966386554,0.09398505802961284,random,test
0.0026806722689075,0.04812233537587222,random,test
0.0003109243697478,0.04680363911366621,random,test
0.0005042016806722,0.10158445720841285,random,test
0.0098655462184873,0.30382129399143837,random,test
0.0012689075630252,0.048043723913648036,random,test
0.0041848739495798,0.06202703067842775,random,test
0.0751981132075471,0.3383658676343416,random,test
0.2169811320754716,0.33263278386605494,random,test
0.1981132075471697,0.22038966100593038,random,test
0.3962264150943395,0.4910310872441205,random,test
0.4056603773584905,0.05583377853185753,random,test
0.1886792452830188,0.09912443330274047,random,test
0.0640943396226415,0.5273390861613143,random,test
0.2075471698113207,0.5341266021527435,random,test
0.2264150943396226,0.05335402380546429,random,test
0.0517830188679245,0.08269879262576066,random,test
0.0157641509433962,0.169909985922958,random,test
0.1320754716981131,0.8646006006241982,random,test
0.0250912778904665,0.0855264650306455,random,test
0.0539553752535496,0.06193123572236249,random,test
0.0455375253549695,0.07223171126248748,random,test
0.0231845841784989,0.034087383775951954,random,test
0.0761460446247464,0.055295779007510704,random,test
0.0365111561866125,0.05497742848370476,random,test
0.0488032454361054,0.11791958004245107,random,test
0.2434077079107504,0.0,random,test
0.0208113590263691,0.013003332881621156,random,test
1.104145936981756,1.0919142332714702,random,test
0.6985074626865659,0.831250060792649,random,test
39.30348258706461,0.04945120381687793,random,test
4.14593698175787,0.27939335141271776,random,test
0.3864013266998335,0.15620624222039037,random,test
0.6306799336650072,0.41589765791324096,random,test
0.3341625207296843,0.3737857761745523,random,test
0.4669983416252065,0.09431079713441579,random,test
0.5643449419568812,0.6250187425222666,random,test
0.3779069767441859,0.28745595378576777,random,test
0.2489825581395348,0.23035878109315727,random,test
0.2228488372093022,0.05864134466667649,random,test
0.2875290697674418,0.08576159482052353,random,test
0.5523255813953487,0.5693119594901561,random,test
0.2847093023255813,0.16458130945261482,random,test
0.4360465116279068,0.18920153360349826,random,test
0.1036918604651162,0.16065443598564894,random,test
0.2495058139534883,0.4909155576283489,random,test
0.0898876404494382,0.0410525678967969,random,test
0.0084887640449438,0.047593459547249285,random,test
0.0126460674157303,0.047593459547249285,random,test
0.1404494382022472,0.05838795380120041,random,test
0.196629213483146,0.053875348951887586,random,test
0.3707865168539326,0.0565725390941148,random,test
0.0786516853932584,0.17595878795614403,random,test
0.1123595505617977,0.0773153336734774,random,test
0.0089831460674157,0.03216987529189415,random,test
0.0050221565731166,0.024728276138297766,random,test
0.0064844903988183,0.061198473105512095,random,test
0.1477104874446085,0.7045317606002575,random,test
0.0059231905465288,0.12816716450887058,random,test
0.0078138847858197,0.07545378767325447,random,test
0.2511078286558345,0.28040414709965106,random,test
0.0160352422907488,0.10521023855981665,random,test
0.0240381791483113,0.015115243419442207,random,test
0.0223201174743024,0.02108125260287451,random,test
0.3230543318649045,0.044918638206400775,random,test
0.0080910425844346,0.022041469487919987,random,test
0.0309544787077826,0.08641441578907642,random,test
0.4576271186440677,0.5540847630276762,random,test
0.135593220338983,0.823523126884133,random,test
0.1271186440677965,0.24639248063773347,random,test
0.1101694915254237,0.5225362845113684,random,test
0.026728813559322,0.22330532002054618,random,test
0.0445762711864406,0.018877477100835018,random,test
0.2288135593220338,0.0,random,test
0.0099999999999999,0.05071375715017447,random,test
0.0132603938730853,0.0,random,test
0.0168490153172866,0.2988372274201401,random,test
0.0233150984682713,0.024946326906592483,random,test
0.0051094091903719,0.054221882524554926,random,test
0.0146061269146608,0.03398142850918395,random,test
0.0104595185995623,0.049548473033286834,random,test
0.4482412060301505,0.23378216052338222,random,test
0.1559798994974873,0.16148429192943972,random,test
0.2683919597989948,0.158643014105492,random,test
0.2617085427135677,0.11633770370079168,random,test
0.3011055276381908,0.13953146969098765,random,test
0.281507537688442,0.16369322997875013,random,test
0.1778391959798994,0.2326598755623965,random,test
0.3110552763819094,0.2714029706858995,random,test
0.2310552763819094,0.18941247922850926,random,test
0.1858291457286431,0.1421484749624078,random,test
0.2491457286432159,0.1598661856279064,random,test
0.1014351851851851,0.15702703853978253,random,test
0.0784027777777777,0.32467429364299794,random,test
0.0673148148148148,0.2297972174372897,random,test
0.2033333333333332,0.47120582140244255,random,test
0.2546296296296296,0.11718538178836232,random,test
0.0927083333333333,0.10472214182777415,random,test
0.3472222222222221,0.08735343390684765,random,test
0.1166203703703703,0.12580838587367008,random,test
0.324074074074074,0.17456851752247324,random,test
0.0389351851851851,0.0961294624774966,random,test
0.0266788321167883,0.013542010180859711,random,test
0.1240875912408759,0.010350904551989172,random,test
0.0041751824817518,0.07821179883789758,random,test
0.4744525547445254,0.1002678268254009,random,test
0.0066204379562043,0.019871775245857218,random,test
0.1472666666666665,0.28026699185887416,random,test
0.0051999999999999,0.23366038570528253,random,test
0.0516666666666666,0.050987388487921,random,test
0.0043333333333333,0.030359891498800265,random,test
0.0240674955595026,0.034932787472599564,random,test
0.0457015985790408,0.06999274477478784,random,test
0.9769094138543516,0.0700831677812992,random,test
0.0914209591474245,0.03203212108066162,random,test
0.0199256505576208,0.06662899977462382,random,test
0.0356133828996282,0.31575255550105924,random,test
0.1155762081784386,0.11268796025738656,random,test
0.0474721189591077,0.15135593700976188,random,test
0.0746468401486988,0.30256484013024126,random,test
0.1374721189591077,0.8116296105788376,random,test
0.0192565055762081,0.16710011252898224,random,test
0.3683643122676578,0.0,random,test
0.0204089219330854,0.06622740195926205,random,test
0.062267657992565,0.09942103393163582,random,test
0.3717472118959106,0.33442340970352985,random,test
0.0207207792207792,0.11141927646859355,random,test
0.0070064935064935,0.04913932597243792,random,test
0.0043831168831168,0.08297415335501152,random,test
0.0088506493506493,0.13306788806674555,random,test
0.0064025974025974,0.059816116331835985,random,test
0.0198051948051948,0.28712203177718354,random,test
0.0188961038961038,0.12472051968488282,random,test
0.1051336898395721,0.28914453658376343,random,test
0.0250534759358288,0.040280591466171786,random,test
0.1778342245989304,0.07825552499768634,random,test
0.0285294117647058,0.18565820745994502,random,test
0.008118279569892,0.09175596257676012,random,test
0.0141397849462357,0.16085303529974454,random,test
0.0645161290322546,0.09013473309846604,random,test
0.0231720430107514,0.12736114654544525,random,test
0.007096774193548,0.1563274015993396,random,test
0.0186559139784936,0.02025877884160652,random,test
0.026881720430106,0.4753800216323565,random,test
0.0197311827956978,0.07389025061072206,random,test
0.1256289707750952,0.2268932524091585,random,test
0.0112071156289707,0.06924422233231112,random,test
0.0052350698856416,0.25204599574555814,random,test
0.0221219822109275,0.00775455477672924,random,test
0.3430749682337992,0.2544068289761406,random,test
0.0312452350698856,0.4341693174659265,random,test
0.0158831003811944,0.01836249687136267,random,test
0.014828462515883,0.02960016288792012,random,test
0.158611111111111,0.1963427498363988,random,test
0.2757777777777776,0.11606078646470099,random,test
0.1760555555555554,0.18014936362179237,random,test
0.1687222222222221,0.26339338120129896,random,test
0.6666666666666663,0.2686656995698852,random,test
0.0234444444444444,0.19230344935174815,random,test
0.4274999999999997,0.31535590262269764,random,test
0.2189583333333332,0.49164905604357556,random,test
0.2159722222222221,0.13459676267998988,random,test
0.1609027777777776,0.5793581877221157,random,test
0.4237499999999997,0.1402915424329719,random,test
0.2793055555555553,0.5996508589609779,random,test
0.694444444444444,0.22129618537967613,random,test
0.9722222222222217,0.26789343636506346,random,test
0.8333333333333328,0.2817194385027899,random,test
0.1719444444444443,0.24450983399221837,random,test
0.4101388888888886,0.3615429859636447,random,test
0.5621301775147928,0.14105785217290528,random,test
0.798816568047337,0.2124328366971947,random,test
0.4733727810650886,0.6195462617992622,random,test
0.0778691983122362,0.09909047356674323,random,test
0.1793248945147679,0.10003625163961298,random,test
0.1582278481012658,0.18515570369878268,random,test
0.1160337552742615,0.11358407392242288,random,test
0.2215189873417721,0.37448585809773416,random,test
0.0243459915611814,0.0884113123759603,random,test
0.0111181434599156,0.14498733388273619,random,test
0.0154746835443037,0.3222683795045543,random,test
0.3268292682926829,0.03977431533286197,random,test
0.1999999999999999,0.2391677909067738,random,test
0.1658536585365853,0.20166223223910898,random,test
0.0290097560975609,0.23334184992656698,random,test
0.06282722513089,0.4804563363947833,random,test
0.0264293193717277,0.22562828766769533,random,test
0.0319633507853403,0.03712093836887648,random,test
0.003261780104712,0.10939299558727794,random,test
0.0015863874345549,0.06040836987015435,random,test
0.0069162303664921,0.2514648923550495,random,test
0.0035183246073298,0.24213777136657436,random,test
0.0011361256544502,0.04149089935239278,random,test
0.5006587615283267,0.10260922254870455,random,test
0.4347826086956521,0.2624333551239535,random,test
0.4084321475625823,0.7169703587957654,random,test
0.4216073781291172,0.5749404057291405,random,test
0.5270092226613965,0.5334078608697157,random,test
0.4347826086956521,0.16677097931840043,random,test
0.922266139657444,0.25346250363179834,random,test
0.5006587615283267,0.5106797992486058,random,test
0.5138339920948616,0.1306606338564497,random,test
0.592885375494071,0.07848718352447824,random,test
0.0071889763779527,0.3229178426292213,random,test
0.0098976377952755,0.026787980971519673,random,test
0.0022755905511811,0.05326826327038636,random,test
0.0313543307086614,0.0911837078404544,random,test
0.0026377952755905,0.16486535333014307,random,test
0.0030787401574803,0.15331005920675025,random,test
0.6275303643724697,0.2278921924599619,random,test
0.1012145748987854,0.09613198602188107,random,test
0.5951417004048583,0.09758520503598997,random,test
0.8178137651821862,0.16558759411862195,random,test
0.0703977272727272,0.052556374419889265,random,test
0.0274431818181818,0.12775049676296005,random,test
0.0244318181818181,0.05146734901920166,random,test
0.1274999999999999,0.10069053703195988,random,test
0.2314204545454544,0.19830926263666068,random,test
0.0976136363636363,0.16103492133141759,random,test
